,CDR3,Antigen,HLA,label
0,CSVEATGTGVSYEQYF,KLGGALQAK,A*03:01,0
1,CASTRRAGLQCTDTQY,KLGGALQAK,A*03:01,0
2,CASSQEGTGGRETQYF,KLGGALQAK,A*03:01,1
3,CATHERGNTEAFF,KLGGALQAK,A*03:01,1
4,CASSSSYLAGGRDTQYF,KLGGALQAK,A*03:01,1
5,CASSYSSAATEAFFG,KLGGALQAK,A*03:01,0
6,CASSLNRELTGNTIYF,KLGGALQAK,A*03:01,1
7,CASSIHEQFF,KLGGALQAK,A*03:01,1
8,CASRDDRPAGSYEQYF,KLGGALQAK,A*03:01,1
9,CASSLLGDRAYIFYEQ,KLGGALQAK,A*03:01,0
10,CATERGDSLSNQPQHF,KLGGALQAK,A*03:01,0
11,CASSLGVAGTNTGELFF,KLGGALQAK,A*03:01,0
12,CASSLRALNTEAFF,KLGGALQAK,A*03:01,1
13,CASSILFGEQFFG,KLGGALQAK,A*03:01,0
14,CASSSREKLGTGGGTG,KLGGALQAK,A*03:01,0
15,CASSQGPVRQGVGQPQ,KLGGALQAK,A*03:01,0
16,CASSSIMGELYGYTFG,KLGGALQAK,A*03:01,1
17,CASSSQGLHEQYFG,KLGGALQAK,A*03:01,0
18,CASSPSGRFGELFF,KLGGALQAK,A*03:01,1
19,CAIGGQETYNEQFFG,KLGGALQAK,A*03:01,0
20,CASSIVGGQGETQYFG,KLGGALQAK,A*03:01,0
21,CASSYSPGQRRIDTEA,KLGGALQAK,A*03:01,0
22,CASSSTGTSDGETQYF,KLGGALQAK,A*03:01,1
23,CASIRSGTQYF,KLGGALQAK,A*03:01,1
24,CASSLHWV,KLGGALQAK,A*03:01,0
25,CATGRRWLHL,KLGGALQAK,A*03:01,0
26,CASLDGNGYTFG,KLGGALQAK,A*03:01,0
27,CASSWSRFSPLHFG,KLGGALQAK,A*03:01,0
28,CASSLLAHTGELFFG,KLGGALQAK,A*03:01,0
29,CASSFLSATEAFF,KLGGALQAK,A*03:01,1
30,CASSLGGTGGNTEAFF,KLGGALQAK,A*03:01,0
31,CASSLGDAEKLFF,KLGGALQAK,A*03:01,1
32,CASSHRIGGETQYF,KLGGALQAK,A*03:01,1
33,CASSQDPQGRQPQHF,KLGGALQAK,A*03:01,1
34,CASSEMGNEQYFG,KLGGALQAK,A*03:01,1
35,CASSSTPLSTDTQYFG,KLGGALQAK,A*03:01,0
36,CASSLS,KLGGALQAK,A*03:01,0
37,CASSSRSSYEQYFG,KLGGALQAK,A*03:01,0
38,CASTSGQGNTEAFFG,KLGGALQAK,A*03:01,0
39,CASSVGQVFYSGTF,KLGGALQAK,A*03:01,1
40,CASSQGYFDGGTEYNEQFF,KLGGALQAK,A*03:01,1
41,CASSRSSGGARNEQYV,KLGGALQAK,A*03:01,0
42,CATSGTGITTGELFF,KLGGALQAK,A*03:01,1
43,CASSQAWGNTGELFFG,KLGGALQAK,A*03:01,0
44,CASSSLTGPHQPQHF,KLGGALQAK,A*03:01,1
45,CSATSNGERTDTQYF,KLGGALQAK,A*03:01,1
46,CASRQLKREFYEQYVG,KLGGALQAK,A*03:01,0
47,CASSSTGTGPNYGYTF,KLGGALQAK,A*03:01,1
48,CASSHNTGLVTEAFF,KLGGALQAK,A*03:01,1
49,CASGLSDRENTEAFF,KLGGALQAK,A*03:01,1
